{"cameraMode":{"drawMode":0,"name":"Shaded","section":"Shading Mode"},"sceneLighting":true,"audioPlay":false,"sceneViewState":{"m_AlwaysRefresh":false,"showFog":true,"showSkybox":true,"showFlares":true,"showImageEffects":true,"showParticleSystems":true,"showVisualEffectGraphs":true,"m_FxEnabled":true},"in2DMode":false,"pivot":{"x":-15.900270462036133,"y":2.6400532722473146,"z":-13.882319450378418},"rotation":{"x":-0.16303612291812898,"y":0.7303932309150696,"z":-0.18712933361530305,"w":-0.6363503336906433},"size":21.17326545715332,"orthographic":false}