{"cameraMode":{"drawMode":0,"name":"Shaded","section":"Shading Mode"},"sceneLighting":true,"audioPlay":false,"sceneViewState":{"m_AlwaysRefresh":false,"showFog":true,"showSkybox":true,"showFlares":true,"showImageEffects":true,"showParticleSystems":true,"showVisualEffectGraphs":true,"m_FxEnabled":true},"in2DMode":false,"pivot":{"x":8.950758934020996,"y":3.2731378078460695,"z":-8.438461303710938},"rotation":{"x":-0.0572749599814415,"y":-0.015897873789072038,"z":0.000838926644064486,"w":-0.9982725977897644},"size":3.1182260513305666,"orthographic":false}