{"cameraMode":{"drawMode":0,"name":"Shaded","section":"Shading Mode"},"sceneLighting":false,"audioPlay":false,"sceneViewState":{"m_AlwaysRefresh":false,"showFog":true,"showSkybox":false,"showFlares":true,"showImageEffects":true,"showParticleSystems":true,"showVisualEffectGraphs":true,"m_FxEnabled":true},"in2DMode":false,"pivot":{"x":0.039031982421875,"y":0.16229921579360963,"z":-0.014929711818695069},"rotation":{"x":-0.27061957120895388,"y":0.07125156372785568,"z":-0.02008875459432602,"w":-0.9598370790481567},"size":0.6704015135765076,"orthographic":false}